Date,Name,Year,Letterboxd URI
2019-08-25,The Godfather: Part III,1990,https://letterboxd.com/film/the-godfather-part-iii/
2019-08-25,Midsommar,2019,https://letterboxd.com/film/midsommar/
2019-08-25,Get Out,2017,https://letterboxd.com/film/get-out-2017/
2019-08-25,The Favourite,2018,https://letterboxd.com/film/the-favourite/
2019-08-25,Alien,1979,https://letterboxd.com/film/alien/
2019-08-25,The Prestige,2006,https://letterboxd.com/film/the-prestige/
2019-08-25,Roma,2018,https://letterboxd.com/film/roma-2018/
2019-08-25,One Flew Over the Cuckoo's Nest,1975,https://letterboxd.com/film/one-flew-over-the-cuckoos-nest/
2019-08-25,The Sixth Sense,1999,https://letterboxd.com/film/the-sixth-sense/
2019-08-25,12 Years a Slave,2013,https://letterboxd.com/film/12-years-a-slave/
2019-08-25,Citizen Kane,1941,https://letterboxd.com/film/citizen-kane/
2019-08-25,Howl's Moving Castle,2004,https://letterboxd.com/film/howls-moving-castle/
2019-08-25,First Reformed,2017,https://letterboxd.com/film/first-reformed/
2019-08-25,Mean Girls,2004,https://letterboxd.com/film/mean-girls/
2019-08-25,The Green Mile,1999,https://letterboxd.com/film/the-green-mile/
2019-08-25,Seven Samurai,1954,https://letterboxd.com/film/seven-samurai/
2019-08-25,The Disaster Artist,2017,https://letterboxd.com/film/the-disaster-artist/
2019-08-25,Akira,1988,https://letterboxd.com/film/akira/
2019-08-25,City of God,2002,https://letterboxd.com/film/city-of-god/
2019-08-25,The Devil Wears Prada,2006,https://letterboxd.com/film/the-devil-wears-prada/
2019-08-25,"Synecdoche, New York",2008,https://letterboxd.com/film/synecdoche-new-york/
2019-08-25,21 Jump Street,2012,https://letterboxd.com/film/21-jump-street/
2019-08-25,Vice,2018,https://letterboxd.com/film/vice-2018/
2019-08-25,The Texas Chain Saw Massacre,1974,https://letterboxd.com/film/the-texas-chain-saw-massacre/
2019-08-25,If Beale Street Could Talk,2018,https://letterboxd.com/film/if-beale-street-could-talk/
2019-08-25,Pirates of the Caribbean: Dead Man's Chest,2006,https://letterboxd.com/film/pirates-of-the-caribbean-dead-mans-chest/
2019-08-30,Young Adult,2011,https://letterboxd.com/film/young-adult/
2019-08-30,Higher Ground,2011,https://letterboxd.com/film/higher-ground/
2019-08-30,10 Things I Hate About You,1999,https://letterboxd.com/film/10-things-i-hate-about-you/
2019-08-30,Saved!,2004,https://letterboxd.com/film/saved/
2019-08-30,Brick,2005,https://letterboxd.com/film/brick/
2019-08-30,Amélie,2001,https://letterboxd.com/film/amelie/
2019-08-30,Pariah,2011,https://letterboxd.com/film/pariah/
2019-08-30,Stories We Tell,2012,https://letterboxd.com/film/stories-we-tell/
2019-08-30,Heathers,1988,https://letterboxd.com/film/heathers/
2019-08-30,Persepolis,2007,https://letterboxd.com/film/persepolis/
2019-08-30,Zero Dark Thirty,2012,https://letterboxd.com/film/zero-dark-thirty/
2019-08-30,Clueless,1995,https://letterboxd.com/film/clueless/
2019-08-30,Winter's Bone,2010,https://letterboxd.com/film/winters-bone/
2019-10-19,Hereditary,2018,https://letterboxd.com/film/hereditary/
2019-10-20,The Revenant,2015,https://letterboxd.com/film/the-revenant-2015/
2019-10-20,A Star Is Born,2018,https://letterboxd.com/film/a-star-is-born-2018/
2019-10-20,Kingsman: The Secret Service,2014,https://letterboxd.com/film/kingsman-the-secret-service/
2019-10-20,The Intouchables,2011,https://letterboxd.com/film/the-intouchables/
2019-10-20,"Three Billboards Outside Ebbing, Missouri",2017,https://letterboxd.com/film/three-billboards-outside-ebbing-missouri/
2019-10-20,Enemy,2013,https://letterboxd.com/film/enemy/
2019-10-20,The Master,2012,https://letterboxd.com/film/the-master-2012/
2019-10-20,Hunt for the Wilderpeople,2016,https://letterboxd.com/film/hunt-for-the-wilderpeople/
2019-10-20,10 Cloverfield Lane,2016,https://letterboxd.com/film/10-cloverfield-lane/
2019-10-20,BlacKkKlansman,2018,https://letterboxd.com/film/blackkklansman/
2019-10-20,The Red Turtle,2016,https://letterboxd.com/film/the-red-turtle/
2019-10-20,Creed,2015,https://letterboxd.com/film/creed/
2019-10-20,The Babadook,2014,https://letterboxd.com/film/the-babadook/
2019-10-20,Climax,2018,https://letterboxd.com/film/climax-2018/
2019-10-20,The Farewell,2019,https://letterboxd.com/film/the-farewell-2019/
2019-10-20,Wind River,2017,https://letterboxd.com/film/wind-river-2017/
2019-10-20,Paddington 2,2017,https://letterboxd.com/film/paddington-2/
2019-10-20,Mommy,2014,https://letterboxd.com/film/mommy-2014/
2019-10-20,The Square,2017,https://letterboxd.com/film/the-square-2017/
2019-10-20,"I, Daniel Blake",2016,https://letterboxd.com/film/i-daniel-blake/
2019-10-20,Dheepan,2015,https://letterboxd.com/film/dheepan/
2019-10-20,Winter Sleep,2014,https://letterboxd.com/film/winter-sleep/
2019-10-20,Blue Is the Warmest Color,2013,https://letterboxd.com/film/blue-is-the-warmest-color/
2019-10-20,Amour,2012,https://letterboxd.com/film/amour/
2019-10-20,The Tree of Life,2011,https://letterboxd.com/film/the-tree-of-life-2011/
2019-10-20,Uncle Boonmee Who Can Recall His Past Lives,2010,https://letterboxd.com/film/uncle-boonmee-who-can-recall-his-past-lives/
2019-10-20,The White Ribbon,2009,https://letterboxd.com/film/the-white-ribbon/
2019-10-20,The Class,2008,https://letterboxd.com/film/the-class-2008/
2019-10-20,"4 Months, 3 Weeks and 2 Days",2007,https://letterboxd.com/film/4-months-3-weeks-and-2-days/
2019-10-20,The Child,2005,https://letterboxd.com/film/the-child/
2019-10-20,Fahrenheit 9/11,2004,https://letterboxd.com/film/fahrenheit-9-11/
2019-10-20,Elephant,2003,https://letterboxd.com/film/elephant-2003/
2019-10-20,The Pianist,2002,https://letterboxd.com/film/the-pianist/
2019-10-20,The Son's Room,2001,https://letterboxd.com/film/the-sons-room/
2019-10-20,Dancer in the Dark,2000,https://letterboxd.com/film/dancer-in-the-dark/
2019-10-20,Rosetta,1999,https://letterboxd.com/film/rosetta/
2019-10-20,The Eel,1997,https://letterboxd.com/film/the-eel/
2019-10-20,Secrets & Lies,1996,https://letterboxd.com/film/secrets-lies/
2019-10-20,Underground,1995,https://letterboxd.com/film/underground-1995/
2019-10-20,The Piano,1993,https://letterboxd.com/film/the-piano/
2019-10-20,Farewell My Concubine,1993,https://letterboxd.com/film/farewell-my-concubine/
2019-10-20,The Best Intentions,1992,https://letterboxd.com/film/the-best-intentions/
2019-10-20,Barton Fink,1991,https://letterboxd.com/film/barton-fink/
2019-10-20,Wild at Heart,1990,https://letterboxd.com/film/wild-at-heart/
2019-10-20,"sex, lies, and videotape",1989,https://letterboxd.com/film/sex-lies-and-videotape/
2019-10-20,Pelle the Conqueror,1987,https://letterboxd.com/film/pelle-the-conqueror/
2019-10-20,Under the Sun of Satan,1987,https://letterboxd.com/film/under-the-sun-of-satan/
2019-10-20,The Mission,1986,https://letterboxd.com/film/the-mission/
2019-10-20,When Father Was Away on Business,1985,https://letterboxd.com/film/when-father-was-away-on-business/
2019-10-20,The Ballad of Narayama,1983,https://letterboxd.com/film/the-ballad-of-narayama/
2019-10-20,Yol,1982,https://letterboxd.com/film/yol/
2019-10-20,Man of Iron,1981,https://letterboxd.com/film/man-of-iron/
2019-10-20,All That Jazz,1979,https://letterboxd.com/film/all-that-jazz/
2019-10-20,Apocalypse Now,1979,https://letterboxd.com/film/apocalypse-now/
2019-10-20,The Tree of Wooden Clogs,1978,https://letterboxd.com/film/the-tree-of-wooden-clogs/
2019-10-20,Padre Padrone,1977,https://letterboxd.com/film/padre-padrone/
2019-10-20,Taxi Driver,1976,https://letterboxd.com/film/taxi-driver/
2019-10-20,Chronicle of the Years of Fire,1975,https://letterboxd.com/film/chronicle-of-the-years-of-fire/
2019-10-20,The Conversation,1974,https://letterboxd.com/film/the-conversation/
2019-10-20,Scarecrow,1973,https://letterboxd.com/film/scarecrow/
2019-10-20,The Hireling,1973,https://letterboxd.com/film/the-hireling/
2019-10-20,The Mattei Affair,1972,https://letterboxd.com/film/the-mattei-affair/
2019-10-20,The Working Class Goes to Paradise,1971,https://letterboxd.com/film/the-working-class-goes-to-paradise/
2019-10-20,The Go-Between,1971,https://letterboxd.com/film/the-go-between-1971/
2019-10-20,M*A*S*H,1970,https://letterboxd.com/film/mash/
2019-10-20,Blow-Up,1966,https://letterboxd.com/film/blow-up/
2019-10-20,"The Birds, the Bees and the Italians",1966,https://letterboxd.com/film/the-birds-the-bees-and-the-italians/
2019-10-20,The Knack... and How to Get It,1965,https://letterboxd.com/film/the-knack-and-how-to-get-it/
2019-10-20,The Umbrellas of Cherbourg,1964,https://letterboxd.com/film/the-umbrellas-of-cherbourg/
2019-10-20,The Given Word,1962,https://letterboxd.com/film/the-given-word/
2019-10-20,The Long Absence,1961,https://letterboxd.com/film/the-long-absence/
2019-10-20,La Dolce Vita,1960,https://letterboxd.com/film/la-dolce-vita/
2019-10-20,Friendly Persuasion,1956,https://letterboxd.com/film/friendly-persuasion/
2019-10-20,The Silent World,1956,https://letterboxd.com/film/the-silent-world/
2019-10-20,Gate of Hell,1953,https://letterboxd.com/film/gate-of-hell/
2019-10-20,Two Cents Worth of Hope,1952,https://letterboxd.com/film/two-cents-worth-of-hope/
2019-10-20,Othello,1951,https://letterboxd.com/film/othello-1951/
2019-10-20,Miracle in Milan,1951,https://letterboxd.com/film/miracle-in-milan/
2019-10-20,Red Meadows,1945,https://letterboxd.com/film/red-meadows/
2019-10-20,Pastoral Symphony,1946,https://letterboxd.com/film/pastoral-symphony/
2019-10-20,Neecha Nagar,1946,https://letterboxd.com/film/neecha-nagar/
2019-10-20,María Candelaria,1944,https://letterboxd.com/film/maria-candelaria/
2019-10-20,Torment,1944,https://letterboxd.com/film/torment/
2019-10-20,The Last Chance,1945,https://letterboxd.com/film/the-last-chance/
2019-10-20,The Turning Point,1945,https://letterboxd.com/film/the-turning-point-1945/
2019-10-20,Union Pacific,1939,https://letterboxd.com/film/union-pacific/
2019-10-23,Zombieland,2009,https://letterboxd.com/film/zombieland/
2019-10-23,It Chapter Two,2019,https://letterboxd.com/film/it-chapter-two/
2019-10-23,Toy Story 4,2019,https://letterboxd.com/film/toy-story-4/
2019-10-23,Us,2019,https://letterboxd.com/film/us-2019/
2019-10-23,Booksmart,2019,https://letterboxd.com/film/booksmart/
2019-10-23,Lady Bird,2017,https://letterboxd.com/film/lady-bird/
2019-10-23,Mad Max: Fury Road,2015,https://letterboxd.com/film/mad-max-fury-road/
2019-10-23,Pain and Glory,2019,https://letterboxd.com/film/pain-and-glory/
2019-10-23,Call Me by Your Name,2017,https://letterboxd.com/film/call-me-by-your-name/
2019-10-23,It,2017,https://letterboxd.com/film/it-2017/
2019-10-24,Thank You for Smoking,2005,https://letterboxd.com/film/thank-you-for-smoking/
2019-10-25,Let the Right One In,2008,https://letterboxd.com/film/let-the-right-one-in/
2019-10-25,Adaptation.,2002,https://letterboxd.com/film/adaptation/
2019-10-29,A Ghost Story,2017,https://letterboxd.com/film/a-ghost-story-2017/
2019-10-29,Suspiria,1977,https://letterboxd.com/film/suspiria/
2019-10-31,Dolemite Is My Name,2019,https://letterboxd.com/film/dolemite-is-my-name/
2019-11-03,Gifted,2017,https://letterboxd.com/film/gifted-2017/
2019-11-03,Predator,1987,https://letterboxd.com/film/predator/
2019-11-03,The Witch,2015,https://letterboxd.com/film/the-witch-2015/
2019-11-03,The Post,2017,https://letterboxd.com/film/the-post-2017/
2019-11-03,The Virgin Suicides,1999,https://letterboxd.com/film/the-virgin-suicides/
2019-11-03,Dog Day Afternoon,1975,https://letterboxd.com/film/dog-day-afternoon/
2019-11-03,Network,1976,https://letterboxd.com/film/network/
2019-11-03,"Paris, Je T'Aime",2006,https://letterboxd.com/film/paris-je-taime/
2019-11-03,Great Expectations,1998,https://letterboxd.com/film/great-expectations-1998/
2019-11-03,C'est La Vie,2016,https://letterboxd.com/film/cest-la-vie-2016/
2019-11-03,The Turtle's Head,2014,https://letterboxd.com/film/the-turtles-head/
2019-11-03,Wings,1927,https://letterboxd.com/film/wings/
2019-11-03,The Broadway Melody,1929,https://letterboxd.com/film/the-broadway-melody/
2019-11-03,All Quiet on the Western Front,1930,https://letterboxd.com/film/all-quiet-on-the-western-front/
2019-11-03,Cimarron,1931,https://letterboxd.com/film/cimarron/
2019-11-03,Grand Hotel,1932,https://letterboxd.com/film/grand-hotel/
2019-11-03,Cavalcade,1933,https://letterboxd.com/film/cavalcade/
2019-11-03,It Happened One Night,1934,https://letterboxd.com/film/it-happened-one-night/
2019-11-03,Mutiny on the Bounty,1935,https://letterboxd.com/film/mutiny-on-the-bounty/
2019-11-03,The Great Ziegfeld,1936,https://letterboxd.com/film/the-great-ziegfeld/
2019-11-03,The Life of Emile Zola,1937,https://letterboxd.com/film/the-life-of-emile-zola/
2019-11-03,You Can't Take It with You,1938,https://letterboxd.com/film/you-cant-take-it-with-you/
2019-11-03,Gone with the Wind,1939,https://letterboxd.com/film/gone-with-the-wind/
2019-11-03,How Green Was My Valley,1941,https://letterboxd.com/film/how-green-was-my-valley/
2019-11-03,Mrs. Miniver,1942,https://letterboxd.com/film/mrs-miniver/
2019-11-03,Casablanca,1942,https://letterboxd.com/film/casablanca/
2019-11-03,Going My Way,1944,https://letterboxd.com/film/going-my-way/
2019-11-03,The Lost Weekend,1945,https://letterboxd.com/film/the-lost-weekend/
2019-11-03,The Best Years of Our Lives,1946,https://letterboxd.com/film/the-best-years-of-our-lives/
2019-11-03,Gentleman's Agreement,1947,https://letterboxd.com/film/gentlemans-agreement/
2019-11-03,All the King's Men,1949,https://letterboxd.com/film/all-the-kings-men/
2019-11-03,All About Eve,1950,https://letterboxd.com/film/all-about-eve/
2019-11-03,An American in Paris,1951,https://letterboxd.com/film/an-american-in-paris/
2019-11-03,The Greatest Show on Earth,1952,https://letterboxd.com/film/the-greatest-show-on-earth/
2019-11-03,From Here to Eternity,1953,https://letterboxd.com/film/from-here-to-eternity/
2019-11-03,On the Waterfront,1954,https://letterboxd.com/film/on-the-waterfront/
2019-11-03,Marty,1955,https://letterboxd.com/film/marty/
2019-11-03,Around the World in Eighty Days,1956,https://letterboxd.com/film/around-the-world-in-eighty-days/
2019-11-03,Gigi,1958,https://letterboxd.com/film/gigi/
2019-11-03,Ben-Hur,1959,https://letterboxd.com/film/ben-hur-1959/
2019-11-03,The Apartment,1960,https://letterboxd.com/film/the-apartment/
2019-11-03,West Side Story,1961,https://letterboxd.com/film/west-side-story/
2019-11-03,Lawrence of Arabia,1962,https://letterboxd.com/film/lawrence-of-arabia/
2019-11-03,Tom Jones,1963,https://letterboxd.com/film/tom-jones/
2019-11-03,My Fair Lady,1964,https://letterboxd.com/film/my-fair-lady/
2019-11-03,A Man for All Seasons,1966,https://letterboxd.com/film/a-man-for-all-seasons/
2019-11-03,In the Heat of the Night,1967,https://letterboxd.com/film/in-the-heat-of-the-night/
2019-11-03,Oliver!,1968,https://letterboxd.com/film/oliver/
2019-11-03,Midnight Cowboy,1969,https://letterboxd.com/film/midnight-cowboy/
2019-11-03,Patton,1970,https://letterboxd.com/film/patton/
2019-11-03,The French Connection,1971,https://letterboxd.com/film/the-french-connection/
2019-11-03,The Sting,1973,https://letterboxd.com/film/the-sting/
2019-11-03,Annie Hall,1977,https://letterboxd.com/film/annie-hall/
2019-11-03,The Deer Hunter,1978,https://letterboxd.com/film/the-deer-hunter/
2019-11-03,Kramer vs. Kramer,1979,https://letterboxd.com/film/kramer-vs-kramer/
2019-11-03,Ordinary People,1980,https://letterboxd.com/film/ordinary-people/
2019-11-03,Terms of Endearment,1983,https://letterboxd.com/film/terms-of-endearment/
2019-11-03,Amadeus,1984,https://letterboxd.com/film/amadeus/
2019-11-03,Out of Africa,1985,https://letterboxd.com/film/out-of-africa/
2019-11-03,Platoon,1986,https://letterboxd.com/film/platoon/
2019-11-03,Driving Miss Daisy,1989,https://letterboxd.com/film/driving-miss-daisy/
2019-11-03,Dances with Wolves,1990,https://letterboxd.com/film/dances-with-wolves/
2019-11-03,Unforgiven,1992,https://letterboxd.com/film/unforgiven/
2019-11-03,Braveheart,1995,https://letterboxd.com/film/braveheart/
2019-11-03,The English Patient,1996,https://letterboxd.com/film/the-english-patient/
2019-11-03,Titanic,1997,https://letterboxd.com/film/titanic-1997/
2019-11-03,Shakespeare in Love,1998,https://letterboxd.com/film/shakespeare-in-love/
2019-11-03,Gladiator,2000,https://letterboxd.com/film/gladiator-2000/
2019-11-03,Chicago,2002,https://letterboxd.com/film/chicago/
2019-11-03,Million Dollar Baby,2004,https://letterboxd.com/film/million-dollar-baby/
2019-11-03,Crash,2004,https://letterboxd.com/film/crash-2004/
2019-11-03,Slumdog Millionaire,2008,https://letterboxd.com/film/slumdog-millionaire/
2019-11-03,The Artist,2011,https://letterboxd.com/film/the-artist/
2019-11-03,Spotlight,2015,https://letterboxd.com/film/spotlight/
2019-11-03,The Shape of Water,2017,https://letterboxd.com/film/the-shape-of-water/
2019-11-03,Grand Illusion,1937,https://letterboxd.com/film/grand-illusion/
2019-11-03,Big Night,1996,https://letterboxd.com/film/big-night/
2019-11-03,The Long Goodbye,1973,https://letterboxd.com/film/the-long-goodbye/
2019-11-04,A Brighter Summer Day,1991,https://letterboxd.com/film/a-brighter-summer-day/
2019-11-05,It Follows,2014,https://letterboxd.com/film/it-follows/
2019-11-05,The Lady Vanishes,1938,https://letterboxd.com/film/the-lady-vanishes/
2019-11-05,Amarcord,1973,https://letterboxd.com/film/amarcord/
2019-11-05,The 400 Blows,1959,https://letterboxd.com/film/the-400-blows/
2019-11-05,Beauty and the Beast,1946,https://letterboxd.com/film/beauty-and-the-beast/
2019-11-05,A Night to Remember,1958,https://letterboxd.com/film/a-night-to-remember/
2019-11-05,The Killer,1989,https://letterboxd.com/film/the-killer/
2019-11-05,Hard Boiled,1992,https://letterboxd.com/film/hard-boiled/
2019-11-05,Walkabout,1971,https://letterboxd.com/film/walkabout/
2019-11-05,The Seventh Seal,1957,https://letterboxd.com/film/the-seventh-seal/
2019-11-05,This Is Spinal Tap,1984,https://letterboxd.com/film/this-is-spinal-tap/
2019-11-05,Samurai I: Musashi Miyamoto,1954,https://letterboxd.com/film/samurai-i-musashi-miyamoto/
2019-11-05,Samurai II: Duel at Ichijoji Temple,1955,https://letterboxd.com/film/samurai-ii-duel-at-ichijoji-temple/
2019-11-05,Samurai III: Duel at Ganryu Island,1956,https://letterboxd.com/film/samurai-iii-duel-at-ganryu-island/
2019-11-05,"Salò, or the 120 Days of Sodom",1975,https://letterboxd.com/film/salo-or-the-120-days-of-sodom/
2019-11-05,The Naked Kiss,1964,https://letterboxd.com/film/the-naked-kiss/
2019-11-05,Shock Corridor,1963,https://letterboxd.com/film/shock-corridor/
2019-11-05,Sid & Nancy,1986,https://letterboxd.com/film/sid-nancy/
2019-11-05,Dead Ringers,1988,https://letterboxd.com/film/dead-ringers/
2019-11-05,Summertime,1955,https://letterboxd.com/film/summertime/
2019-11-05,RoboCop,1987,https://letterboxd.com/film/robocop/
2019-11-05,High and Low,1963,https://letterboxd.com/film/high-and-low/
2019-11-05,Alphaville,1965,https://letterboxd.com/film/alphaville/
2019-11-05,The Long Good Friday,1980,https://letterboxd.com/film/the-long-good-friday/
2019-11-05,Flesh for Frankenstein,1973,https://letterboxd.com/film/flesh-for-frankenstein/
2019-11-05,Blood for Dracula,1974,https://letterboxd.com/film/blood-for-dracula/
2019-11-05,Picnic at Hanging Rock,1975,https://letterboxd.com/film/picnic-at-hanging-rock/
2019-11-05,M,1931,https://letterboxd.com/film/m/
2019-11-05,Great Expectations,1946,https://letterboxd.com/film/great-expectations/
2019-11-05,Oliver Twist,1948,https://letterboxd.com/film/oliver-twist-1948/
2019-11-05,Nanook of the North,1922,https://letterboxd.com/film/nanook-of-the-north/
2019-11-05,Andrei Rublev,1966,https://letterboxd.com/film/andrei-rublev/
2019-11-05,Diabolique,1955,https://letterboxd.com/film/diabolique-1955/
2019-11-05,The Wages of Fear,1953,https://letterboxd.com/film/the-wages-of-fear/
2019-11-05,Time Bandits,1981,https://letterboxd.com/film/time-bandits/
2019-11-05,Branded to Kill,1967,https://letterboxd.com/film/branded-to-kill/
2019-11-05,Tokyo Drifter,1966,https://letterboxd.com/film/tokyo-drifter/
2019-11-05,Armageddon,1998,https://letterboxd.com/film/armageddon/
2019-11-05,Henry V,1944,https://letterboxd.com/film/henry-v-1944/
2019-11-05,Lord of the Flies,1963,https://letterboxd.com/film/lord-of-the-flies/
2019-11-05,The Red Shoes,1948,https://letterboxd.com/film/the-red-shoes/
2019-11-05,Taste of Cherry,1997,https://letterboxd.com/film/taste-of-cherry/
2019-11-05,The Most Dangerous Game,1932,https://letterboxd.com/film/the-most-dangerous-game/
2019-11-05,Insomnia,1997,https://letterboxd.com/film/insomnia/
2019-11-05,Black Orpheus,1959,https://letterboxd.com/film/black-orpheus/
2019-11-05,Nights of Cabiria,1957,https://letterboxd.com/film/nights-of-cabiria/
2019-11-05,And the Ship Sails On,1983,https://letterboxd.com/film/and-the-ship-sails-on/
2019-11-05,Brazil,1985,https://letterboxd.com/film/brazil/
2019-11-05,Yojimbo,1961,https://letterboxd.com/film/yojimbo/
2019-11-05,Sanjuro,1962,https://letterboxd.com/film/sanjuro/
2019-11-05,For All Mankind,1989,https://letterboxd.com/film/for-all-mankind/
2019-11-05,The Unbearable Lightness of Being,1988,https://letterboxd.com/film/the-unbearable-lightness-of-being/
2019-11-05,The 39 Steps,1935,https://letterboxd.com/film/the-39-steps/
2019-11-05,Charade,1963,https://letterboxd.com/film/charade/
2019-11-05,Peeping Tom,1960,https://letterboxd.com/film/peeping-tom/
2019-11-05,The Night Porter,1974,https://letterboxd.com/film/the-night-porter/
2019-11-05,Autumn Sonata,1978,https://letterboxd.com/film/autumn-sonata/
2019-11-05,Life of Brian,1979,https://letterboxd.com/film/life-of-brian/
2019-11-05,The Passion of Joan of Arc,1928,https://letterboxd.com/film/the-passion-of-joan-of-arc/
2019-11-05,Carnival of Souls,1962,https://letterboxd.com/film/carnival-of-souls/
2019-11-05,The Third Man,1949,https://letterboxd.com/film/the-third-man/
2019-11-05,Rushmore,1998,https://letterboxd.com/film/rushmore/
2019-11-05,The Blood of a Poet,1932,https://letterboxd.com/film/the-blood-of-a-poet/
2019-11-05,Orpheus,1950,https://letterboxd.com/film/orpheus/
2019-11-05,Testament of Orpheus,1960,https://letterboxd.com/film/testament-of-orpheus/
2019-11-05,The Last Temptation of Christ,1988,https://letterboxd.com/film/the-last-temptation-of-christ/
2019-11-05,The Magic Flute,1975,https://letterboxd.com/film/the-magic-flute/
2019-11-05,Le Million,1931,https://letterboxd.com/film/le-million/
2019-11-05,Cléo from 5 to 7,1962,https://letterboxd.com/film/cleo-from-5-to-7/
2019-11-05,Vagabond,1985,https://letterboxd.com/film/vagabond/
2019-11-05,Chasing Amy,1997,https://letterboxd.com/film/chasing-amy/
2019-11-05,Brief Encounter,1945,https://letterboxd.com/film/brief-encounter/
2019-11-05,...And God Created Woman,1956,https://letterboxd.com/film/and-god-created-woman/
2019-11-05,The Bank Dick,1940,https://letterboxd.com/film/the-bank-dick/
2019-11-05,The Golf Specialist,1930,https://letterboxd.com/film/the-golf-specialist/
2019-11-05,Pool Sharks,1915,https://letterboxd.com/film/pool-sharks/
2019-11-05,The Pharmacist,1933,https://letterboxd.com/film/the-pharmacist/
2019-11-05,The Fatal Glass of Beer,1933,https://letterboxd.com/film/the-fatal-glass-of-beer/
2019-11-05,The Barber Shop,1933,https://letterboxd.com/film/the-barber-shop/
2019-11-05,The Dentist,1932,https://letterboxd.com/film/the-dentist/
2019-11-05,The Element of Crime,1984,https://letterboxd.com/film/the-element-of-crime/
2019-11-05,Variety Lights,1950,https://letterboxd.com/film/variety-lights/
2019-11-05,Hamlet,1948,https://letterboxd.com/film/hamlet/
2019-11-05,The Harder They Come,1972,https://letterboxd.com/film/the-harder-they-come/
2019-11-05,Good Morning,1959,https://letterboxd.com/film/good-morning/
2019-11-05,Pygmalion,1938,https://letterboxd.com/film/pygmalion/
2019-11-05,"Ivan the Terrible, Part I",1944,https://letterboxd.com/film/ivan-the-terrible-part-i/
2019-11-05,Alexander Nevsky,1938,https://letterboxd.com/film/alexander-nevsky/
2019-11-05,"Ivan the Terrible, Part II: The Boyars' Plot",1958,https://letterboxd.com/film/ivan-the-terrible-part-ii-the-boyars-plot/
2019-11-05,Sisters,1972,https://letterboxd.com/film/sisters/
2019-11-05,Kwaidan,1964,https://letterboxd.com/film/kwaidan/
2019-11-05,The Blob,1958,https://letterboxd.com/film/the-blob/
2019-11-05,Fiend Without a Face,1958,https://letterboxd.com/film/fiend-without-a-face/
2019-11-05,Black Narcissus,1947,https://letterboxd.com/film/black-narcissus/
2019-11-05,I Know Where I'm Going!,1945,https://letterboxd.com/film/i-know-where-im-going/
2019-11-05,All That Heaven Allows,1955,https://letterboxd.com/film/all-that-heaven-allows/
2019-11-05,Written on the Wind,1956,https://letterboxd.com/film/written-on-the-wind/
2019-11-05,L'Avventura,1960,https://letterboxd.com/film/lavventura/
2019-11-05,Gimme Shelter,1970,https://letterboxd.com/film/gimme-shelter-1970/
2019-11-05,Cries and Whispers,1972,https://letterboxd.com/film/cries-and-whispers/
2019-11-05,The Discreet Charm of the Bourgeoisie,1972,https://letterboxd.com/film/the-discreet-charm-of-the-bourgeoisie/
2019-11-05,The Lady Eve,1941,https://letterboxd.com/film/the-lady-eve/
2019-11-05,Double Suicide,1969,https://letterboxd.com/film/double-suicide/
2019-11-05,Spartacus,1960,https://letterboxd.com/film/spartacus/
2019-11-05,Coup de Torchon,1981,https://letterboxd.com/film/coup-de-torchon/
2019-11-05,Mona Lisa,1986,https://letterboxd.com/film/mona-lisa/
2019-11-05,The Rock,1996,https://letterboxd.com/film/the-rock/
2019-11-05,The Scarlet Empress,1934,https://letterboxd.com/film/the-scarlet-empress/
2019-11-05,Monsieur Hulot's Holiday,1953,https://letterboxd.com/film/monsieur-hulots-holiday/
2019-11-05,Mon Oncle,1958,https://letterboxd.com/film/mon-oncle/
2019-11-05,PlayTime,1967,https://letterboxd.com/film/playtime/
2019-11-05,Big Deal on Madonna Street,1958,https://letterboxd.com/film/big-deal-on-madonna-street/
2019-11-05,My Man Godfrey,1936,https://letterboxd.com/film/my-man-godfrey/
2019-11-05,Rififi,1955,https://letterboxd.com/film/rififi/
2019-11-05,The Hidden Fortress,1958,https://letterboxd.com/film/the-hidden-fortress/
2019-11-05,Diary of a Chambermaid,1964,https://letterboxd.com/film/diary-of-a-chambermaid/
2019-11-05,Sullivan's Travels,1941,https://letterboxd.com/film/sullivans-travels/
2019-11-05,Withnail & I,1987,https://letterboxd.com/film/withnail-i/
2019-11-05,How to Get Ahead in Advertising,1989,https://letterboxd.com/film/how-to-get-ahead-in-advertising/
2019-11-05,Grey Gardens,1975,https://letterboxd.com/film/grey-gardens/
2019-11-05,Salesman,1969,https://letterboxd.com/film/salesman/
2019-11-05,Day of Wrath,1943,https://letterboxd.com/film/day-of-wrath/
2019-11-05,Gertrud,1964,https://letterboxd.com/film/gertrud/
2019-11-05,Ordet,1955,https://letterboxd.com/film/ordet/
2019-11-05,Carl Th. Dreyer: My Metier,1995,https://letterboxd.com/film/carl-th-dreyer-my-metier/
2019-11-05,Le Trou,1960,https://letterboxd.com/film/le-trou/
2019-11-05,The Shop on Main Street,1965,https://letterboxd.com/film/the-shop-on-main-street/
2019-11-05,Closely Watched Trains,1966,https://letterboxd.com/film/closely-watched-trains/
2019-11-05,The Ruling Class,1972,https://letterboxd.com/film/the-ruling-class/
2019-11-05,The Vanishing,1988,https://letterboxd.com/film/the-vanishing/
2019-11-05,Häxan,1922,https://letterboxd.com/film/haxan/
2019-11-05,Rebecca,1940,https://letterboxd.com/film/rebecca/
2019-11-05,Spellbound,1945,https://letterboxd.com/film/spellbound/
2019-11-05,Notorious,1946,https://letterboxd.com/film/notorious/
2019-11-05,Rashomon,1950,https://letterboxd.com/film/rashomon/
2019-11-05,Wild Strawberries,1957,https://letterboxd.com/film/wild-strawberries/
2019-11-05,8½,1963,https://letterboxd.com/film/8-half/
2019-11-05,Children of Paradise,1945,https://letterboxd.com/film/children-of-paradise/
2019-11-05,The Last Wave,1977,https://letterboxd.com/film/the-last-wave/
2019-11-05,That Obscure Object of Desire,1977,https://letterboxd.com/film/that-obscure-object-of-desire/
2019-11-05,Loves of a Blonde,1965,https://letterboxd.com/film/loves-of-a-blonde/
2019-11-05,The Firemen's Ball,1967,https://letterboxd.com/film/the-firemens-ball/
2019-11-05,The Cranes Are Flying,1957,https://letterboxd.com/film/the-cranes-are-flying/
2019-11-05,In the Mood for Love,2000,https://letterboxd.com/film/in-the-mood-for-love/
2019-11-05,Ballad of a Soldier,1959,https://letterboxd.com/film/ballad-of-a-soldier/
2019-11-05,Juliet of the Spirits,1965,https://letterboxd.com/film/juliet-of-the-spirits/
2019-11-05,Bob le Flambeur,1956,https://letterboxd.com/film/bob-le-flambeur/
2019-11-05,Traffic,2000,https://letterboxd.com/film/traffic/
2019-11-05,George Washington,2000,https://letterboxd.com/film/george-washington/
2019-11-05,General Idi Amin Dada,1974,https://letterboxd.com/film/general-idi-amin-dada/
2019-11-05,The Horse's Mouth,1958,https://letterboxd.com/film/the-horses-mouth/
2019-11-05,Tokyo Olympiad,1965,https://letterboxd.com/film/tokyo-olympiad/
2019-11-05,Hearts and Minds,1974,https://letterboxd.com/film/hearts-and-minds/
2019-11-05,The Importance of Being Earnest,1952,https://letterboxd.com/film/the-importance-of-being-earnest/
2019-11-05,Red Beard,1965,https://letterboxd.com/film/red-beard/
2019-11-05,À Nous la Liberté,1931,https://letterboxd.com/film/a-nous-la-liberte/
2019-11-05,Under the Roofs of Paris,1930,https://letterboxd.com/film/under-the-roofs-of-paris/
2019-11-05,Ratcatcher,1999,https://letterboxd.com/film/ratcatcher/
2019-11-05,Hopscotch,1980,https://letterboxd.com/film/hopscotch/
2019-11-05,Solaris,1972,https://letterboxd.com/film/solaris/
2019-11-05,Man Bites Dog,1992,https://letterboxd.com/film/man-bites-dog/
2019-11-05,Down by Law,1986,https://letterboxd.com/film/down-by-law/
2019-11-05,Monterey Pop,1968,https://letterboxd.com/film/monterey-pop/
2019-11-05,Jimi Plays Monterey,1986,https://letterboxd.com/film/jimi-plays-monterey/
2019-11-05,Shake! Otis at Monterey,1987,https://letterboxd.com/film/shake-otis-at-monterey/
2019-11-05,Trouble in Paradise,1932,https://letterboxd.com/film/trouble-in-paradise/
2019-11-05,Contempt,1963,https://letterboxd.com/film/contempt/
2019-11-05,Pépé le Moko,1937,https://letterboxd.com/film/pepe-le-moko/
2019-11-05,The Life and Death of Colonel Blimp,1943,https://letterboxd.com/film/the-life-and-death-of-colonel-blimp/
2019-11-05,Band of Outsiders,1964,https://letterboxd.com/film/band-of-outsiders/
2019-11-05,Fear and Loathing in Las Vegas,1998,https://letterboxd.com/film/fear-and-loathing-in-las-vegas/
2019-11-05,The Killers,1946,https://letterboxd.com/film/the-killers/
2019-11-05,The Killers,1956,https://letterboxd.com/film/the-killers-1956/
2019-11-05,The Killers,1964,https://letterboxd.com/film/the-killers-1964/
2019-11-05,The Lost Honor of Katharina Blum,1975,https://letterboxd.com/film/the-lost-honor-of-katharina-blum/
2019-11-05,My Life as a Dog,1985,https://letterboxd.com/film/my-life-as-a-dog/
2019-11-05,I Am Curious (Yellow),1967,https://letterboxd.com/film/i-am-curious-yellow/
2019-11-05,I Am Curious (Blue),1968,https://letterboxd.com/film/i-am-curious-blue/
2019-11-05,Straw Dogs,1971,https://letterboxd.com/film/straw-dogs/
2019-11-05,Les Dames du Bois de Boulogne,1945,https://letterboxd.com/film/les-dames-du-bois-de-boulogne/
2019-11-05,Desistfilm,1954,https://letterboxd.com/film/desistfilm/
2019-11-05,Wedlock House: An Intercourse,1959,https://letterboxd.com/film/wedlock-house-an-intercourse/
2019-11-05,Prelude: Dog Star Man,1962,https://letterboxd.com/film/prelude-dog-star-man/
2019-11-05,Dog Star Man: Part I,1962,https://letterboxd.com/film/dog-star-man-part-i/
2019-11-05,Dog Star Man: Part II,1963,https://letterboxd.com/film/dog-star-man-part-ii/
2019-11-05,Dog Star Man: Part IV,1964,https://letterboxd.com/film/dog-star-man-part-iv/
2019-11-05,The Act of Seeing with One's Own Eyes,1971,https://letterboxd.com/film/the-act-of-seeing-with-ones-own-eyes/
2019-11-05,Cat's Cradle,1959,https://letterboxd.com/film/cats-cradle-1959/
2019-11-05,Window Water Baby Moving,1959,https://letterboxd.com/film/window-water-baby-moving/
2019-11-05,Mothlight,1963,https://letterboxd.com/film/mothlight/
2019-11-05,Eye Myth,1967,https://letterboxd.com/film/eye-myth/
2019-11-05,The Wold Shadow,1972,https://letterboxd.com/film/the-wold-shadow/
2019-11-05,The Garden of Earthly Delights,1981,https://letterboxd.com/film/the-garden-of-earthly-delights-1981/
2019-11-05,The Stars Are Beautiful,1974,https://letterboxd.com/film/the-stars-are-beautiful/
2019-11-05,I... Dreaming,1988,https://letterboxd.com/film/i-dreaming/
2019-11-05,Kindering,1987,https://letterboxd.com/film/kindering/
2019-11-05,The Dante Quartet,1987,https://letterboxd.com/film/the-dante-quartet/
2019-11-05,Night Music,1986,https://letterboxd.com/film/night-music/
2019-11-05,Rage Net,1988,https://letterboxd.com/film/rage-net/
2019-11-05,Delicacies of Molten Horror Synapse,1991,https://letterboxd.com/film/delicacies-of-molten-horror-synapse/
2019-11-05,Untitled (For Marilyn),1992,https://letterboxd.com/film/untitled-for-marilyn/
2019-11-05,Black Ice,1994,https://letterboxd.com/film/black-ice-1994/
2019-11-05,Study in Color and Black and White,1993,https://letterboxd.com/film/study-in-color-and-black-and-white/
2019-11-05,Stellar,1993,https://letterboxd.com/film/stellar/
2019-11-05,The Dark Tower,1999,https://letterboxd.com/film/the-dark-tower-1999/
2019-11-05,Comingled Containers,1997,https://letterboxd.com/film/comingled-containers/
2019-11-05,Lovesong,2001,https://letterboxd.com/film/lovesong/
2019-11-05,Stolen Kisses,1968,https://letterboxd.com/film/stolen-kisses/
2019-11-05,Bed and Board,1970,https://letterboxd.com/film/bed-and-board/
2019-11-05,Love on the Run,1979,https://letterboxd.com/film/love-on-the-run-1979/
2019-11-05,The White Sheik,1952,https://letterboxd.com/film/the-white-sheik/
2019-11-05,Jubilee,1978,https://letterboxd.com/film/jubilee/
2019-11-05,Coup de Grâce,1976,https://letterboxd.com/film/coup-de-grace/
2019-11-05,Quai des Orfèvres,1947,https://letterboxd.com/film/quai-des-orfevres-1947/
2019-11-05,Il Posto,1961,https://letterboxd.com/film/il-posto/
2019-11-05,The Fiancés,1963,https://letterboxd.com/film/the-fiances/
2019-11-05,Hiroshima Mon Amour,1959,https://letterboxd.com/film/hiroshima-mon-amour/
2019-11-05,Night and Fog,1956,https://letterboxd.com/film/night-and-fog/
2019-11-05,Ali: Fear Eats the Soul,1974,https://letterboxd.com/film/ali-fear-eats-the-soul/
2019-11-05,Schizopolis,1996,https://letterboxd.com/film/schizopolis/
2019-11-05,The Honeymoon Killers,1970,https://letterboxd.com/film/the-honeymoon-killers/
2019-11-05,Umberto D.,1952,https://letterboxd.com/film/umberto-d/
2019-11-05,Indiscretion of an American Wife,1953,https://letterboxd.com/film/indiscretion-of-an-american-wife/
2019-11-05,The Marriage of Maria Braun,1979,https://letterboxd.com/film/the-marriage-of-maria-braun/
2019-11-05,Veronika Voss,1982,https://letterboxd.com/film/veronika-voss/
2019-11-05,Lola,1981,https://letterboxd.com/film/lola-1981/
2019-11-05,The Pornographers,1966,https://letterboxd.com/film/the-pornographers/
2019-11-05,Through a Glass Darkly,1961,https://letterboxd.com/film/through-a-glass-darkly/
2019-11-05,Winter Light,1963,https://letterboxd.com/film/winter-light/
2019-11-05,The Silence,1963,https://letterboxd.com/film/the-silence/
2019-11-05,Ingmar Bergman Makes a Movie,1963,https://letterboxd.com/film/ingmar-bergman-makes-a-movie/
2019-11-05,Richard III,1955,https://letterboxd.com/film/richard-iii/
2019-11-05,All That Money Can Buy,1941,https://letterboxd.com/film/all-that-money-can-buy/
2019-11-05,Knife in the Water,1962,https://letterboxd.com/film/knife-in-the-water/
2019-11-05,The Rules of the Game,1939,https://letterboxd.com/film/the-rules-of-the-game/
2019-11-05,Tokyo Story,1953,https://letterboxd.com/film/tokyo-story/
2019-11-05,Le Cercle Rouge,1970,https://letterboxd.com/film/le-cercle-rouge/
2019-11-05,La Strada,1954,https://letterboxd.com/film/la-strada/
2019-11-05,Naked Lunch,1991,https://letterboxd.com/film/naked-lunch/
2019-11-05,Ikiru,1952,https://letterboxd.com/film/ikiru/
2019-11-05,Diary of a Country Priest,1951,https://letterboxd.com/film/diary-of-a-country-priest/
2019-11-05,Maîtresse,1976,https://letterboxd.com/film/maitresse/
2019-11-05,Pickup on South Street,1953,https://letterboxd.com/film/pickup-on-south-street/
2019-11-05,Tunes of Glory,1960,https://letterboxd.com/film/tunes-of-glory/
2019-11-05,Onibaba,1964,https://letterboxd.com/film/onibaba/
2019-11-05,Le Corbeau,1943,https://letterboxd.com/film/le-corbeau/
2019-11-05,Salvatore Giuliano,1962,https://letterboxd.com/film/salvatore-giuliano/
2019-11-05,Scenes from a Marriage,1974,https://letterboxd.com/film/scenes-from-a-marriage/
2019-11-05,3 Women,1977,https://letterboxd.com/film/3-women/
2019-11-05,The Testament of Dr. Mabuse,1933,https://letterboxd.com/film/the-testament-of-dr-mabuse/
2019-11-05,A Story of Floating Weeds,1934,https://letterboxd.com/film/a-story-of-floating-weeds/
2019-11-05,Floating Weeds,1959,https://letterboxd.com/film/floating-weeds/
2019-11-05,Stray Dog,1949,https://letterboxd.com/film/stray-dog/
2019-11-05,The Tin Drum,1979,https://letterboxd.com/film/the-tin-drum/
2019-11-05,The Leopard,1963,https://letterboxd.com/film/the-leopard/
2019-11-05,Mamma Roma,1962,https://letterboxd.com/film/mamma-roma/
2019-11-05,Smiles of a Summer Night,1955,https://letterboxd.com/film/smiles-of-a-summer-night/
2019-11-05,A Woman Is a Woman,1961,https://letterboxd.com/film/a-woman-is-a-woman/
2019-11-05,The Lower Depths,1936,https://letterboxd.com/film/the-lower-depths/
2019-11-05,The Lower Depths,1957,https://letterboxd.com/film/the-lower-depths-1957-4/
2019-11-05,Early Summer,1951,https://letterboxd.com/film/early-summer/
2019-11-05,The Golden Coach,1952,https://letterboxd.com/film/the-golden-coach/
2019-11-05,French Cancan,1955,https://letterboxd.com/film/french-cancan/
2019-11-05,Elena and Her Men,1956,https://letterboxd.com/film/elena-and-her-men/
2019-11-05,Port of Shadows,1938,https://letterboxd.com/film/port-of-shadows/
2019-11-05,I Vitelloni,1953,https://letterboxd.com/film/i-vitelloni/
2019-11-05,Slacker,1990,https://letterboxd.com/film/slacker/
2019-11-05,Videodrome,1983,https://letterboxd.com/film/videodrome/
2019-11-05,The Battle of Algiers,1966,https://letterboxd.com/film/the-battle-of-algiers/
2019-11-05,Shadows,1959,https://letterboxd.com/film/shadows-1959/
2019-11-05,Faces,1968,https://letterboxd.com/film/faces-1968/
2019-11-05,A Woman Under the Influence,1974,https://letterboxd.com/film/a-woman-under-the-influence/
2019-11-05,The Killing of a Chinese Bookie,1976,https://letterboxd.com/film/the-killing-of-a-chinese-bookie/
2019-11-05,Opening Night,1977,https://letterboxd.com/film/opening-night/
2019-11-05,A Constant Forge,2000,https://letterboxd.com/film/a-constant-forge/
2019-11-05,Secret Honor,1984,https://letterboxd.com/film/secret-honor/
2019-11-05,Fat Girl,2001,https://letterboxd.com/film/fat-girl/
2019-11-05,Eyes Without a Face,1960,https://letterboxd.com/film/eyes-without-a-face/
2019-11-05,Fanny & Alexander,1982,https://letterboxd.com/film/fanny-alexander/
2019-11-05,The Making of Fanny and Alexander,1984,https://letterboxd.com/film/the-making-of-fanny-and-alexander/
2019-11-05,Short Cuts,1993,https://letterboxd.com/film/short-cuts/
2019-11-05,The King of Kings,1927,https://letterboxd.com/film/the-king-of-kings/
2019-11-05,Kagemusha,1980,https://letterboxd.com/film/kagemusha/
2019-11-05,Youth of the Beast,1963,https://letterboxd.com/film/youth-of-the-beast/
2019-11-05,Fighting Elegy,1966,https://letterboxd.com/film/fighting-elegy/
2019-11-05,Casque d'Or,1952,https://letterboxd.com/film/casque-dor/
2019-11-05,Touchez Pas au Grisbi,1954,https://letterboxd.com/film/touchez-pas-au-grisbi/
2019-11-05,La Commare Secca,1962,https://letterboxd.com/film/la-commare-secca/
2019-11-05,Thieves' Highway,1949,https://letterboxd.com/film/thieves-highway/
2019-11-05,Tout Va Bien,1972,https://letterboxd.com/film/tout-va-bien/
2019-11-05,The River,1951,https://letterboxd.com/film/the-river/
2019-11-05,My Own Private Idaho,1991,https://letterboxd.com/film/my-own-private-idaho/
2019-11-05,L'Eclisse,1962,https://letterboxd.com/film/leclisse/
2019-11-05,Young Törless,1966,https://letterboxd.com/film/young-torless/
2019-11-05,The Sword of Doom,1966,https://letterboxd.com/film/the-sword-of-doom/
2019-11-05,Jules and Jim,1962,https://letterboxd.com/film/jules-and-jim/
2019-11-05,A Generation,1955,https://letterboxd.com/film/a-generation/
2019-11-05,Kanal,1957,https://letterboxd.com/film/kanal-1957/
2019-11-05,Ashes and Diamonds,1958,https://letterboxd.com/film/ashes-and-diamonds/
2019-11-05,Divorce Italian Style,1961,https://letterboxd.com/film/divorce-italian-style/
2019-11-05,Burden of Dreams,1982,https://letterboxd.com/film/burden-of-dreams/
2019-11-05,F for Fake,1973,https://letterboxd.com/film/f-for-fake/
2019-11-05,Hoop Dreams,1994,https://letterboxd.com/film/hoop-dreams/
2019-11-05,The Phantom of Liberty,1974,https://letterboxd.com/film/the-phantom-of-liberty/
2019-11-05,Heaven Can Wait,1943,https://letterboxd.com/film/heaven-can-wait/
2019-11-05,Unfaithfully Yours,1948,https://letterboxd.com/film/unfaithfully-yours/
2019-11-05,The Flowers of St. Francis,1950,https://letterboxd.com/film/the-flowers-of-st-francis/
2019-11-05,The Browning Version,1951,https://letterboxd.com/film/the-browning-version/
2019-11-05,Crazed Fruit,1956,https://letterboxd.com/film/crazed-fruit/
2019-11-05,Le Notti Bianche,1957,https://letterboxd.com/film/le-notti-bianche/
2019-11-05,Au Hasard Balthazar,1966,https://letterboxd.com/film/au-hasard-balthazar/
2019-11-05,Gate of Flesh,1964,https://letterboxd.com/film/gate-of-flesh/
2019-11-05,Story of a Prostitute,1965,https://letterboxd.com/film/story-of-a-prostitute/
2019-11-05,The Life Aquatic with Steve Zissou,2004,https://letterboxd.com/film/the-life-aquatic-with-steve-zissou/
2019-11-05,Harakiri,1962,https://letterboxd.com/film/harakiri/
2019-11-05,Bad Timing,1980,https://letterboxd.com/film/bad-timing/
2019-11-05,The Man Who Fell to Earth,1976,https://letterboxd.com/film/the-man-who-fell-to-earth/
2019-11-05,Boudu Saved from Drowning,1932,https://letterboxd.com/film/boudu-saved-from-drowning/
2019-11-05,Le Samouraï,1967,https://letterboxd.com/film/le-samourai/
2019-11-05,Naked,1993,https://letterboxd.com/film/naked/
2019-11-05,Masculin Féminin,1966,https://letterboxd.com/film/masculin-feminin/
2019-11-05,Ugetsu,1953,https://letterboxd.com/film/ugetsu/
2019-11-05,Samurai Rebellion,1967,https://letterboxd.com/film/samurai-rebellion/
2019-11-05,Sword of the Beast,1965,https://letterboxd.com/film/sword-of-the-beast/
2019-11-05,Samurai Spy,1965,https://letterboxd.com/film/samurai-spy/
2019-11-05,Kill!,1968,https://letterboxd.com/film/kill-1968/
2019-11-05,Pickpocket,1959,https://letterboxd.com/film/pickpocket/
2019-11-05,Shoot the Piano Player,1960,https://letterboxd.com/film/shoot-the-piano-player/
2019-11-05,Ran,1985,https://letterboxd.com/film/ran/
2019-11-05,The Tales of Hoffmann,1951,https://letterboxd.com/film/the-tales-of-hoffmann/
2019-11-05,Forbidden Games,1952,https://letterboxd.com/film/forbidden-games-1952/
2019-11-05,The Bad Sleep Well,1960,https://letterboxd.com/film/the-bad-sleep-well/
2019-11-05,Young Mr. Lincoln,1939,https://letterboxd.com/film/young-mr-lincoln/
2019-11-05,The Virgin Spring,1960,https://letterboxd.com/film/the-virgin-spring/
2019-11-05,Mr. Arkadin,1955,https://letterboxd.com/film/mr-arkadin/
2019-11-05,The Children Are Watching Us,1944,https://letterboxd.com/film/the-children-are-watching-us/
2019-11-05,La Bête Humaine,1938,https://letterboxd.com/film/la-bete-humaine/
2019-11-05,Kind Hearts and Coronets,1949,https://letterboxd.com/film/kind-hearts-and-coronets/
2019-11-05,Metropolitan,1990,https://letterboxd.com/film/metropolitan/
2019-11-05,Murmur of the Heart,1971,https://letterboxd.com/film/murmur-of-the-heart/
2019-11-05,"Lacombe, Lucien",1974,https://letterboxd.com/film/lacombe-lucien/
2019-11-05,Au Revoir les Enfants,1987,https://letterboxd.com/film/au-revoir-les-enfants/
2019-11-05,Late Spring,1949,https://letterboxd.com/film/late-spring/
2019-11-05,Viridiana,1961,https://letterboxd.com/film/viridiana/
2019-11-05,Fists in the Pocket,1965,https://letterboxd.com/film/fists-in-the-pocket/
2019-11-05,Harlan County U.S.A.,1976,https://letterboxd.com/film/harlan-county-usa/
2019-11-05,Elevator to the Gallows,1958,https://letterboxd.com/film/elevator-to-the-gallows/
2019-11-05,À Nos Amours,1983,https://letterboxd.com/film/a-nos-amours/
2019-11-05,Equinox,1970,https://letterboxd.com/film/equinox/
2019-11-05,Yi Yi,2000,https://letterboxd.com/film/yi-yi/
2019-11-05,Koko: A Talking Gorilla,1978,https://letterboxd.com/film/koko-a-talking-gorilla/
2019-11-05,A Canterbury Tale,1944,https://letterboxd.com/film/a-canterbury-tale/
2019-11-05,The Bakery Girl of Monceau,1963,https://letterboxd.com/film/the-bakery-girl-of-monceau/
2019-11-05,Suzanne's Career,1963,https://letterboxd.com/film/suzannes-career/
2019-11-05,My Night at Maud's,1969,https://letterboxd.com/film/my-night-at-mauds/
2019-11-05,La Collectionneuse,1967,https://letterboxd.com/film/la-collectionneuse/
2019-11-05,Claire's Knee,1970,https://letterboxd.com/film/claires-knee/
2019-11-05,Love in the Afternoon,1972,https://letterboxd.com/film/love-in-the-afternoon-1972/
2019-11-05,Kicking and Screaming,1995,https://letterboxd.com/film/kicking-and-screaming/
2019-11-05,Seduced and Abandoned,1964,https://letterboxd.com/film/seduced-and-abandoned/
2019-11-05,The Spirit of the Beehive,1973,https://letterboxd.com/film/the-spirit-of-the-beehive/
2019-11-05,Jigoku,1960,https://letterboxd.com/film/jigoku/
2019-11-05,Only with Your Partner,1991,https://letterboxd.com/film/only-with-your-partner/
2019-11-05,"Clean, Shaven",1993,https://letterboxd.com/film/clean-shaven/
2019-11-05,Hands Over the City,1963,https://letterboxd.com/film/hands-over-the-city/
2019-11-05,Sweetie,1989,https://letterboxd.com/film/sweetie/
2019-11-05,The Fallen Idol,1948,https://letterboxd.com/film/the-fallen-idol/
2019-11-05,Pandora's Box,1929,https://letterboxd.com/film/pandoras-box/
2019-11-05,The Double Life of Véronique,1991,https://letterboxd.com/film/the-double-life-of-veronique/
2019-11-05,Symbiopsychotaxiplasm: Take One,1968,https://letterboxd.com/film/symbiopsychotaxiplasm-take-one/
2019-11-05,The Beales of Grey Gardens,2006,https://letterboxd.com/film/the-beales-of-grey-gardens/
2019-11-05,Border Radio,1987,https://letterboxd.com/film/border-radio/
2019-11-05,Mouchette,1967,https://letterboxd.com/film/mouchette/
2019-11-05,First Man Into Space,1959,https://letterboxd.com/film/first-man-into-space/
2019-11-05,The Atomic Submarine,1959,https://letterboxd.com/film/the-atomic-submarine/
2019-11-05,Grip of the Strangler,1958,https://letterboxd.com/film/grip-of-the-strangler/
2019-11-05,Corridors of Blood,1958,https://letterboxd.com/film/corridors-of-blood/
2019-11-05,Borderline,1930,https://letterboxd.com/film/borderline/
2019-11-05,Jericho,1937,https://letterboxd.com/film/jericho-1937/
2019-11-05,Native Land,1942,https://letterboxd.com/film/native-land/
2019-11-05,Paul Robeson: Tribute to an Artist,1979,https://letterboxd.com/film/paul-robeson-tribute-to-an-artist/
2019-11-05,The Emperor Jones,1933,https://letterboxd.com/film/the-emperor-jones/
2019-11-05,Body and Soul,1925,https://letterboxd.com/film/body-and-soul-1925/
2019-11-05,Sanders of the River,1935,https://letterboxd.com/film/sanders-of-the-river/
2019-11-05,Bicycle Thieves,1948,https://letterboxd.com/film/bicycle-thieves/
2019-11-05,Green for Danger,1946,https://letterboxd.com/film/green-for-danger/
2019-11-05,49th Parallel,1941,https://letterboxd.com/film/49th-parallel/
2019-11-05,When a Woman Ascends the Stairs,1960,https://letterboxd.com/film/when-a-woman-ascends-the-stairs/
2019-11-05,Fires on the Plain,1959,https://letterboxd.com/film/fires-on-the-plain/
2019-11-05,The Burmese Harp,1956,https://letterboxd.com/film/the-burmese-harp/
2019-11-05,The Naked City,1948,https://letterboxd.com/film/the-naked-city/
2019-11-05,La Haine,1995,https://letterboxd.com/film/la-haine/
2019-11-05,Overlord,1975,https://letterboxd.com/film/overlord/
2019-11-05,Brute Force,1947,https://letterboxd.com/film/brute-force/
2019-11-05,Vengeance Is Mine,1979,https://letterboxd.com/film/vengeance-is-mine/
2019-11-05,Army of Shadows,1969,https://letterboxd.com/film/army-of-shadows/
2019-11-05,Sansho the Bailiff,1954,https://letterboxd.com/film/sansho-the-bailiff/
2019-11-05,La Jetée,1962,https://letterboxd.com/film/la-jetee/
2019-11-05,Sans Soleil,1983,https://letterboxd.com/film/sans-soleil/
2019-11-05,The Two of Us,1967,https://letterboxd.com/film/the-two-of-us/
2019-11-05,WR: Mysteries of the Organism,1971,https://letterboxd.com/film/wr-mysteries-of-the-organism/
2019-11-05,Sweet Movie,1974,https://letterboxd.com/film/sweet-movie/
2019-11-05,Pitfall,1962,https://letterboxd.com/film/pitfall-1962/
2019-11-05,Woman in the Dunes,1964,https://letterboxd.com/film/woman-in-the-dunes/
2019-11-05,The Face of Another,1966,https://letterboxd.com/film/the-face-of-another/
2019-11-05,Ace in the Hole,1951,https://letterboxd.com/film/ace-in-the-hole/
2019-11-05,Ivan's Childhood,1962,https://letterboxd.com/film/ivans-childhood/
2019-11-05,Les Enfants Terribles,1950,https://letterboxd.com/film/les-enfants-terribles/
2019-11-05,House of Games,1987,https://letterboxd.com/film/house-of-games/
2019-11-05,Stranger Than Paradise,1984,https://letterboxd.com/film/stranger-than-paradise/
2019-11-05,Night on Earth,1991,https://letterboxd.com/film/night-on-earth/
2019-11-05,The Milky Way,1969,https://letterboxd.com/film/the-milky-way-1969/
2019-11-05,Cría Cuervos,1976,https://letterboxd.com/film/cria-cuervos/
2019-11-05,Robinson Crusoe on Mars,1964,https://letterboxd.com/film/robinson-crusoe-on-mars/
2019-11-05,The 3 Penny Opera,1931,https://letterboxd.com/film/the-3-penny-opera/
2019-11-05,Martha Graham: Dance on Film,1957,https://letterboxd.com/film/martha-graham-dance-on-film/
2019-11-05,Mala Noche,1986,https://letterboxd.com/film/mala-noche/
2019-11-05,Breathless,1960,https://letterboxd.com/film/breathless/
2019-11-05,Days of Heaven,1978,https://letterboxd.com/film/days-of-heaven/
2019-11-05,Under the Volcano,1984,https://letterboxd.com/film/under-the-volcano/
2019-11-05,Berlin Alexanderplatz,1980,https://letterboxd.com/film/berlin-alexanderplatz/
2019-11-05,Sawdust and Tinsel,1953,https://letterboxd.com/film/sawdust-and-tinsel/
2019-11-05,Drunken Angel,1948,https://letterboxd.com/film/drunken-angel/
2019-11-05,Two-Lane Blacktop,1971,https://letterboxd.com/film/two-lane-blacktop/
2019-11-05,The Naked Prey,1965,https://letterboxd.com/film/the-naked-prey/
2019-11-05,This Sporting Life,1963,https://letterboxd.com/film/this-sporting-life/
2019-11-05,La Pointe-Courte,1955,https://letterboxd.com/film/la-pointe-courte/
2019-11-05,Le Bonheur,1965,https://letterboxd.com/film/le-bonheur/
2019-11-05,Pierrot le Fou,1965,https://letterboxd.com/film/pierrot-le-fou/
2019-11-05,Walker,1987,https://letterboxd.com/film/walker/
2019-11-05,Mafioso,1962,https://letterboxd.com/film/mafioso/
2019-11-05,Antonio Gaudí,1984,https://letterboxd.com/film/antonio-gaudi/
2019-11-05,The Ice Storm,1997,https://letterboxd.com/film/the-ice-storm/
2019-11-05,Death of a Cyclist,1955,https://letterboxd.com/film/death-of-a-cyclist/
2019-11-05,Blast of Silence,1961,https://letterboxd.com/film/blast-of-silence/
2019-11-05,The Lovers,1958,https://letterboxd.com/film/the-lovers/
2019-11-05,The Fire Within,1963,https://letterboxd.com/film/the-fire-within/
2019-11-05,The Thief of Bagdad,1940,https://letterboxd.com/film/the-thief-of-bagdad-1940/
2019-11-05,Mishima: A Life in Four Chapters,1985,https://letterboxd.com/film/mishima-a-life-in-four-chapters/
2019-11-05,Patriotism,1966,https://letterboxd.com/film/patriotism/
2019-11-05,The Big Risk,1960,https://letterboxd.com/film/the-big-risk/
2019-11-05,The Furies,1950,https://letterboxd.com/film/the-furies/
2019-11-05,Before the Rain,1994,https://letterboxd.com/film/before-the-rain/
2019-11-05,Vampyr,1932,https://letterboxd.com/film/vampyr/
2019-11-05,Mon oncle Antoine,1971,https://letterboxd.com/film/mon-oncle-antoine/
2019-11-05,Trafic,1971,https://letterboxd.com/film/trafic/
2019-11-05,The Small Back Room,1949,https://letterboxd.com/film/the-small-back-room/
2019-11-05,Twenty-Four Eyes,1954,https://letterboxd.com/film/twenty-four-eyes/
2019-11-05,La Ronde,1950,https://letterboxd.com/film/la-ronde/
2019-11-05,Le Plaisir,1952,https://letterboxd.com/film/le-plaisir/
2019-11-05,The Earrings of Madame de...,1953,https://letterboxd.com/film/the-earrings-of-madame-de/
2019-11-05,An Autumn Afternoon,1962,https://letterboxd.com/film/an-autumn-afternoon/
2019-11-05,Doulos: The Finger Man,1962,https://letterboxd.com/film/doulos-the-finger-man/
2019-11-05,Le Deuxième souffle,1966,https://letterboxd.com/film/le-deuxieme-souffle/
2019-11-05,Missing,1982,https://letterboxd.com/film/missing/
2019-11-05,Bottle Rocket,1996,https://letterboxd.com/film/bottle-rocket-1996/
2019-11-05,Fan-Fan the Tulip,1952,https://letterboxd.com/film/fan-fan-the-tulip/
2019-11-05,The Spy Who Came in from the Cold,1965,https://letterboxd.com/film/the-spy-who-came-in-from-the-cold/
2019-11-05,Chungking Express,1994,https://letterboxd.com/film/chungking-express/
2019-11-05,Europa,1991,https://letterboxd.com/film/europa/
2019-11-05,White Dog,1982,https://letterboxd.com/film/white-dog/
2019-11-05,The Taking of Power by Louis XIV,1966,https://letterboxd.com/film/the-taking-of-power-by-louis-xiv/
2019-11-05,Magnificent Obsession,1954,https://letterboxd.com/film/magnificent-obsession-1954/
2019-11-05,El Norte,1983,https://letterboxd.com/film/el-norte/
2019-11-05,The Exterminating Angel,1962,https://letterboxd.com/film/the-exterminating-angel/
2019-11-05,Simon of the Desert,1965,https://letterboxd.com/film/simon-of-the-desert/
2019-11-05,Hobson's Choice,1954,https://letterboxd.com/film/hobsons-choice/
2019-11-05,The Last Metro,1980,https://letterboxd.com/film/the-last-metro/
2019-11-05,General Della Rovere,1959,https://letterboxd.com/film/general-della-rovere/
2019-11-05,Danton,1983,https://letterboxd.com/film/danton-1983/
2019-11-05,Dodes'ka-den,1970,https://letterboxd.com/film/dodeska-den/
2019-11-05,In the Realm of the Senses,1976,https://letterboxd.com/film/in-the-realm-of-the-senses/
2019-11-05,Empire of Passion,1978,https://letterboxd.com/film/empire-of-passion/
2019-11-05,Hyas and Stenorhynchus,1927,https://letterboxd.com/film/hyas-and-stenorhynchus/
2019-11-05,Sea Urchins,1958,https://letterboxd.com/film/sea-urchins/
2019-11-05,How Some Jellyfish Are Born,1960,https://letterboxd.com/film/how-some-jellyfish-are-born/
2019-11-05,Liquid Crystals,1978,https://letterboxd.com/film/liquid-crystals/
2019-11-05,The Seahorse,1934,https://letterboxd.com/film/the-seahorse/
2019-11-05,Shrimp Stories,1964,https://letterboxd.com/film/shrimp-stories/
2019-11-05,"Acera, or the Witches' Dance",1972,https://letterboxd.com/film/acera-or-the-witches-dance/
2019-11-05,The Vampire,1945,https://letterboxd.com/film/the-vampire-1945/
2019-11-05,Freshwater Assassins,1947,https://letterboxd.com/film/freshwater-assassins/
2019-11-05,Sea Ballerinas,1956,https://letterboxd.com/film/sea-ballerinas/
2019-11-05,Diatoms,1968,https://letterboxd.com/film/diatoms/
2019-11-05,Pigeons in the Square,1982,https://letterboxd.com/film/pigeons-in-the-square/
2019-11-05,The Octopus,1928,https://letterboxd.com/film/the-octopus-1928/
2019-11-05,Sea Urchins,1928,https://letterboxd.com/film/sea-urchins-1928/
2019-11-05,Daphnia,1928,https://letterboxd.com/film/daphnia/
2019-11-05,Stickleback Eggs,1925,https://letterboxd.com/film/stickleback-eggs/
2019-11-05,Experimental Treatment of a Hemorrhage in a Dog,1930,https://letterboxd.com/film/experimental-treatment-of-a-hemorrhage-in-a-dog/
2019-11-05,The Fourth Dimension,1936,https://letterboxd.com/film/the-fourth-dimension-1936/
2019-11-05,The Struggle for Survival,1937,https://letterboxd.com/film/the-struggle-for-survival/
2019-11-05,Voyage to the Sky,1937,https://letterboxd.com/film/voyage-to-the-sky/
2019-11-05,Similarities Between Length and Speed,1937,https://letterboxd.com/film/similarities-between-length-and-speed/
2019-11-05,Bluebeard,1936,https://letterboxd.com/film/bluebeard-1936/
2019-11-05,Wise Blood,1979,https://letterboxd.com/film/wise-blood/
2019-11-05,Pigs and Battleships,1961,https://letterboxd.com/film/pigs-and-battleships/
2019-11-05,The Insect Woman,1963,https://letterboxd.com/film/the-insect-woman/
2019-11-05,Intentions of Murder,1964,https://letterboxd.com/film/intentions-of-murder/
2019-11-05,The Friends of Eddie Coyle,1973,https://letterboxd.com/film/the-friends-of-eddie-coyle/
2019-11-05,The Curious Case of Benjamin Button,2008,https://letterboxd.com/film/the-curious-case-of-benjamin-button/
2019-11-05,Bergman Island,2004,https://letterboxd.com/film/bergman-island/
2019-11-05,Last Year at Marienbad,1961,https://letterboxd.com/film/last-year-at-marienbad/
2019-11-05,My Dinner with Andre,1981,https://letterboxd.com/film/my-dinner-with-andre/
2019-11-05,The Human Condition I: No Greater Love,1959,https://letterboxd.com/film/the-human-condition-i-no-greater-love/
2019-11-05,The Human Condition II: Road to Eternity,1959,https://letterboxd.com/film/the-human-condition-ii-road-to-eternity/
2019-11-05,The Human Condition III: A Soldier's Prayer,1961,https://letterboxd.com/film/the-human-condition-iii-a-soldiers-prayer/
2019-11-05,Made in U.S.A.,1966,https://letterboxd.com/film/made-in-usa/
2019-11-05,2 or 3 Things I Know About Her,1967,https://letterboxd.com/film/2-or-3-things-i-know-about-her/
2019-11-05,Repulsion,1965,https://letterboxd.com/film/repulsion/
2019-11-05,"Jeanne Dielman, 23, Quai du Commerce 1080 Bruxelles",1975,https://letterboxd.com/film/jeanne-dielman-23-quai-du-commerce-1080-bruxelles/
2019-11-05,Homicide,1991,https://letterboxd.com/film/homicide-1991/
2019-11-05,That Hamilton Woman,1941,https://letterboxd.com/film/that-hamilton-woman/
2019-11-05,Howards End,1992,https://letterboxd.com/film/howards-end/
2019-11-05,Monsoon Wedding,2001,https://letterboxd.com/film/monsoon-wedding/
2019-11-05,Wings of Desire,1987,https://letterboxd.com/film/wings-of-desire/
2019-11-05,Z,1969,https://letterboxd.com/film/z/
2019-11-05,A Christmas Tale,2008,https://letterboxd.com/film/a-christmas-tale/
2019-11-05,Gomorrah,2008,https://letterboxd.com/film/gomorrah/
2019-11-05,Downhill Racer,1969,https://letterboxd.com/film/downhill-racer/
2019-11-05,Che: Part One,2008,https://letterboxd.com/film/che-part-one/
2019-11-05,Che: Part Two,2008,https://letterboxd.com/film/che-part-two/
2019-11-05,"Rome, Open City",1945,https://letterboxd.com/film/rome-open-city/
2019-11-05,Paisan,1946,https://letterboxd.com/film/paisan/
2019-11-05,Germany Year Zero,1948,https://letterboxd.com/film/germany-year-zero/
2019-11-05,"Paris, Texas",1984,https://letterboxd.com/film/paris-texas/
2019-11-05,Revanche,2008,https://letterboxd.com/film/revanche/
2019-11-05,Hunger,2008,https://letterboxd.com/film/hunger/
2019-11-05,Make Way for Tomorrow,1937,https://letterboxd.com/film/make-way-for-tomorrow/
2019-11-05,Dillinger Is Dead,1969,https://letterboxd.com/film/dillinger-is-dead/
2019-11-05,Bigger Than Life,1956,https://letterboxd.com/film/bigger-than-life/
2019-11-05,Ossos,1997,https://letterboxd.com/film/ossos/
2019-11-05,In Vanda's Room,2000,https://letterboxd.com/film/in-vandas-room/
2019-11-05,Colossal Youth,2006,https://letterboxd.com/film/colossal-youth/
2019-11-05,Vivre Sa Vie,1962,https://letterboxd.com/film/vivre-sa-vie/
2019-11-05,Summer Hours,2008,https://letterboxd.com/film/summer-hours/
2019-11-05,Ride with the Devil,1999,https://letterboxd.com/film/ride-with-the-devil/
2019-11-05,The Fugitive Kind,1960,https://letterboxd.com/film/the-fugitive-kind/
2019-11-05,Stagecoach,1939,https://letterboxd.com/film/stagecoach/
2019-11-05,The Wonder Ring,1955,https://letterboxd.com/film/the-wonder-ring/
2019-11-05,The Dead,1960,https://letterboxd.com/film/the-dead-1960/
2019-11-05,Two: Creeley/McClure,1965,https://letterboxd.com/film/two-creeley-mcclure/
2019-11-05,23rd Psalm Branch,1967,https://letterboxd.com/film/23rd-psalm-branch/
2019-11-05,"Scenes from Under Childhood, Section One",1967,https://letterboxd.com/film/scenes-from-under-childhood-section-one/
2019-11-05,The Machine of Eden,1970,https://letterboxd.com/film/the-machine-of-eden/
2019-11-05,Star Garden,1974,https://letterboxd.com/film/star-garden/
2019-11-05,Desert,1976,https://letterboxd.com/film/desert/
2019-11-05,The Process,1972,https://letterboxd.com/film/the-process/
2019-11-05,Burial Path,1978,https://letterboxd.com/film/burial-path/
2019-11-05,Duplicity III,1980,https://letterboxd.com/film/duplicity-iii/
2019-11-05,The Domain of the Moment,1977,https://letterboxd.com/film/the-domain-of-the-moment/
2019-11-05,Murder Psalm,1980,https://letterboxd.com/film/murder-psalm/
2019-11-05,Arabic Numeral Series 12,1981,https://letterboxd.com/film/arabic-numeral-series-12/
2019-11-05,Visions in Meditation #1,1989,https://letterboxd.com/film/visions-in-meditation-1/
2019-11-05,Visions in Meditation #2: Mesa Verde,1989,https://letterboxd.com/film/visions-in-meditation-2-mesa-verde/
2019-11-05,Visions in Meditation #3: Plato's Cave,1990,https://letterboxd.com/film/visions-in-meditation-3-platos-cave/
2019-11-05,Unconscious London Strata,1981,https://letterboxd.com/film/unconscious-london-strata/
2019-11-05,Boulder Blues and Pearls and...,1992,https://letterboxd.com/film/boulder-blues-and-pearls-and/
2019-11-05,The Mammals of Victoria,1994,https://letterboxd.com/film/the-mammals-of-victoria/
2019-11-05,From: First Hymn to the Night – Novalis,1994,https://letterboxd.com/film/from-first-hymn-to-the-night-novalis/
2019-11-05,I Take These Truths,1995,https://letterboxd.com/film/i-take-these-truths/
2019-11-05,The Cat of the Worm's Green Realm,1997,https://letterboxd.com/film/the-cat-of-the-worms-green-realm/
2019-11-05,Yggdrasill: Whose Roots Are Stars in the Human Mind,1997,https://letterboxd.com/film/yggdrasill-whose-roots-are-stars-in-the-human-mind/
2019-11-05,"""..."" Reel Five",1998,https://letterboxd.com/film/reel-five/
2019-11-05,Persian Series #1,1999,https://letterboxd.com/film/persian-series-1/
2019-11-05,Persian Series #2,1999,https://letterboxd.com/film/persian-series-2/
2019-11-05,Persian Series #3,1999,https://letterboxd.com/film/persian-series-3/
2019-11-05,Chinese Series,2003,https://letterboxd.com/film/chinese-series/
2019-11-05,Close-Up,1990,https://letterboxd.com/film/close-up/
2019-11-05,Everlasting Moments,2008,https://letterboxd.com/film/everlasting-moments/
2019-11-05,Mystery Train,1989,https://letterboxd.com/film/mystery-train/
2019-11-05,Red Desert,1964,https://letterboxd.com/film/red-desert/
2019-11-05,Night Train to Munich,1940,https://letterboxd.com/film/night-train-to-munich/
2019-11-05,The Only Son,1936,https://letterboxd.com/film/the-only-son/
2019-11-05,There Was a Father,1942,https://letterboxd.com/film/there-was-a-father/
2019-11-05,The Secret of the Grain,2007,https://letterboxd.com/film/the-secret-of-the-grain/
2019-11-05,Underworld,1927,https://letterboxd.com/film/underworld/
2019-11-05,The Last Command,1928,https://letterboxd.com/film/the-last-command/
2019-11-05,The Docks of New York,1928,https://letterboxd.com/film/the-docks-of-new-york/
2019-11-05,Louie Bluie,1985,https://letterboxd.com/film/louie-bluie/
2019-11-05,Crumb,1994,https://letterboxd.com/film/crumb/
2019-11-05,Naked Childhood,1968,https://letterboxd.com/film/naked-childhood/
2019-11-05,Love Exists,1960,https://letterboxd.com/film/love-exists/
2019-11-05,Merry Christmas Mr. Lawrence,1983,https://letterboxd.com/film/merry-christmas-mr-lawrence/
2019-11-05,The Thin Red Line,1998,https://letterboxd.com/film/the-thin-red-line/
2019-11-05,The Magician,1958,https://letterboxd.com/film/the-magician-1958/
2019-11-05,Paths of Glory,1957,https://letterboxd.com/film/paths-of-glory/
2019-11-05,House,1977,https://letterboxd.com/film/house/
2019-11-05,The Darjeeling Limited,2007,https://letterboxd.com/film/the-darjeeling-limited/
2019-11-05,Hotel Chevalier,2007,https://letterboxd.com/film/hotel-chevalier/
2019-11-05,The Night of the Hunter,1955,https://letterboxd.com/film/the-night-of-the-hunter/
2019-11-05,Modern Times,1936,https://letterboxd.com/film/modern-times/
2019-11-05,Antichrist,2009,https://letterboxd.com/film/antichrist/
2019-11-05,Easy Rider,1969,https://letterboxd.com/film/easy-rider/
2019-11-05,Head,1968,https://letterboxd.com/film/head/
2019-11-05,Five Easy Pieces,1970,https://letterboxd.com/film/five-easy-pieces/
2019-11-05,"Drive, He Said",1971,https://letterboxd.com/film/drive-he-said/
2019-11-05,A Safe Place,1971,https://letterboxd.com/film/a-safe-place/
2019-11-05,The Last Picture Show,1971,https://letterboxd.com/film/the-last-picture-show/
2019-11-05,The King of Marvin Gardens,1972,https://letterboxd.com/film/the-king-of-marvin-gardens/
2019-11-05,Cronos,1993,https://letterboxd.com/film/cronos/
2019-11-05,Broadcast News,1987,https://letterboxd.com/film/broadcast-news/
2019-11-05,Still Walking,2008,https://letterboxd.com/film/still-walking/
2019-11-05,Sweet Smell of Success,1957,https://letterboxd.com/film/sweet-smell-of-success/
2019-11-05,Senso,1954,https://letterboxd.com/film/senso/
2019-11-05,The Times of Harvey Milk,1984,https://letterboxd.com/film/the-times-of-harvey-milk/
2019-11-05,Topsy-Turvy,1999,https://letterboxd.com/film/topsy-turvy/
2019-11-05,The Mikado,1939,https://letterboxd.com/film/the-mikado/
2019-11-05,White Material,2009,https://letterboxd.com/film/white-material/
2019-11-05,Kes,1969,https://letterboxd.com/film/kes/
2019-11-05,Blow Out,1981,https://letterboxd.com/film/blow-out/
2019-11-05,Something Wild,1986,https://letterboxd.com/film/something-wild/
2019-11-05,Pale Flower,1964,https://letterboxd.com/film/pale-flower/
2019-11-05,The Great Dictator,1940,https://letterboxd.com/film/the-great-dictator/
2019-11-05,Insignificance,1985,https://letterboxd.com/film/insignificance/
2019-11-05,The Makioka Sisters,1983,https://letterboxd.com/film/the-makioka-sisters/
2019-11-05,Kiss Me Deadly,1955,https://letterboxd.com/film/kiss-me-deadly/
2019-11-05,People on Sunday,1930,https://letterboxd.com/film/people-on-sunday/
2019-11-05,Zazie dans le Métro,1960,https://letterboxd.com/film/zazie-dans-le-metro/
2019-11-05,Black Moon,1975,https://letterboxd.com/film/black-moon-1975/
2019-11-05,"Léon Morin, Priest",1961,https://letterboxd.com/film/leon-morin-priest/
2019-11-05,The Music Room,1958,https://letterboxd.com/film/the-music-room/
2019-11-05,Life During Wartime,2009,https://letterboxd.com/film/life-during-wartime/
2019-11-05,The Killing,1956,https://letterboxd.com/film/the-killing/
2019-11-05,Secret Sunshine,2007,https://letterboxd.com/film/secret-sunshine/
2019-11-05,Cul-de-sac,1966,https://letterboxd.com/film/cul-de-sac/
2019-11-05,À propos de Nice,1930,https://letterboxd.com/film/a-propos-de-nice/
2019-11-05,Taris,1931,https://letterboxd.com/film/taris/
2019-11-05,Zero for Conduct,1933,https://letterboxd.com/film/zero-for-conduct-1933/
2019-11-05,L'Atalante,1934,https://letterboxd.com/film/latalante/
2019-11-05,The Phantom Carriage,1921,https://letterboxd.com/film/the-phantom-carriage/
2019-11-05,Le Beau Serge,1958,https://letterboxd.com/film/le-beau-serge/
2019-11-05,Les Cousins,1959,https://letterboxd.com/film/les-cousins/
2019-11-05,Carlos,2010,https://letterboxd.com/film/carlos/
2019-11-05,The Four Feathers,1939,https://letterboxd.com/film/the-four-feathers/
2019-11-05,Kuroneko,1968,https://letterboxd.com/film/kuroneko/
2019-11-05,Identification of a Woman,1982,https://letterboxd.com/film/identification-of-a-woman/
2019-11-05,Island of Lost Souls,1932,https://letterboxd.com/film/island-of-lost-souls/
2019-11-05,Three Colors: Blue,1993,https://letterboxd.com/film/three-colors-blue/
2019-11-05,Three Colors: White,1994,https://letterboxd.com/film/three-colors-white/
2019-11-05,Three Colors: Red,1994,https://letterboxd.com/film/three-colors-red/
2019-11-05,Design for Living,1933,https://letterboxd.com/film/design-for-living/
2019-11-05,Belle de Jour,1967,https://letterboxd.com/film/belle-de-jour/
2019-11-05,Godzilla,1954,https://letterboxd.com/film/godzilla/
2019-11-05,The Moment of Truth,1965,https://letterboxd.com/film/the-moment-of-truth/
2019-11-05,Three Outlaw Samurai,1964,https://letterboxd.com/film/three-outlaw-samurai/
2019-11-05,Tiny Furniture,2010,https://letterboxd.com/film/tiny-furniture/
2019-11-05,World on a Wire,1973,https://letterboxd.com/film/world-on-a-wire/
2019-11-05,Vanya on 42nd Street,1994,https://letterboxd.com/film/vanya-on-42nd-street/
2019-11-05,Anatomy of a Murder,1959,https://letterboxd.com/film/anatomy-of-a-murder/
2019-11-05,Letter Never Sent,1960,https://letterboxd.com/film/letter-never-sent/
2019-11-05,The War Room,1993,https://letterboxd.com/film/the-war-room/
2019-11-05,In Which We Serve,1942,https://letterboxd.com/film/in-which-we-serve/
2019-11-05,This Happy Breed,1944,https://letterboxd.com/film/this-happy-breed/
2019-11-05,Blithe Spirit,1945,https://letterboxd.com/film/blithe-spirit/
2019-11-05,Manual of Arms,1966,https://letterboxd.com/film/manual-of-arms/
2019-11-05,Process Red,1966,https://letterboxd.com/film/process-red/
2019-11-05,Maxwell's Demon,1968,https://letterboxd.com/film/maxwells-demon/
2019-11-05,Surface Tension,1968,https://letterboxd.com/film/surface-tension/
2019-11-05,Carrots & Peas,1969,https://letterboxd.com/film/carrots-peas/
2019-11-05,Lemon,1969,https://letterboxd.com/film/lemon-1969/
2019-11-05,Zorns Lemma,1970,https://letterboxd.com/film/zorns-lemma/
2019-11-05,(nostalgia),1971,https://letterboxd.com/film/nostalgia-1971/
2019-11-05,Hapax Legomena II: Poetic Justice,1972,https://letterboxd.com/film/hapax-legomena-ii-poetic-justice/
2019-11-05,Hapax Legomena III: Critical Mass,1971,https://letterboxd.com/film/hapax-legomena-iii-critical-mass/
2019-11-05,The Birth of Magellan: Cadenza I,1977,https://letterboxd.com/film/the-birth-of-magellan-cadenza-i/
2019-11-05,Pan 0,1974,https://letterboxd.com/film/pan-0/
2019-11-05,Pan 1,1974,https://letterboxd.com/film/pan-1/
2019-11-05,Pan 2,1974,https://letterboxd.com/film/pan-2/
2019-11-05,Pan 3,1974,https://letterboxd.com/film/pan-3/
2019-11-05,Pan 4,1974,https://letterboxd.com/film/pan-4/
2019-11-05,Pan 697,1974,https://letterboxd.com/film/pan-697/
2019-11-05,Pan 698,1974,https://letterboxd.com/film/pan-698/
2019-11-05,Pan 699,1974,https://letterboxd.com/film/pan-699/
2019-11-05,Pan 700,1974,https://letterboxd.com/film/pan-700/
2019-11-05,Ingenivm Nobis Ipsa Pvella Fecit: Part I,1975,https://letterboxd.com/film/ingenivm-nobis-ipsa-pvella-fecit-part-i/
2019-11-05,"Magellan: At the Gates of Death, Part I: The Red Gate I, 0",1976,https://letterboxd.com/film/magellan-at-the-gates-of-death-part-i-the-red-gate-i-0/
2019-11-05,Winter Solstice,1974,https://letterboxd.com/film/winter-solstice-1974/
2019-11-05,Gloria!,1979,https://letterboxd.com/film/gloria-1979/
2019-11-05,Harold and Maude,1971,https://letterboxd.com/film/harold-and-maude/
2019-11-05,Alambrista!,1977,https://letterboxd.com/film/alambrista/
2019-11-05,The Organizer,1963,https://letterboxd.com/film/the-organizer/
2019-11-05,Certified Copy,2010,https://letterboxd.com/film/certified-copy/
2019-11-05,Summer Interlude,1951,https://letterboxd.com/film/summer-interlude/
2019-11-05,The Holy Mountain,1973,https://letterboxd.com/film/the-holy-mountain/
